{"cameraMode":{"drawMode":0,"name":"Shaded","section":"Shading Mode"},"sceneLighting":false,"audioPlay":false,"sceneViewState":{"m_AlwaysRefresh":false,"showFog":true,"showSkybox":false,"showFlares":true,"showImageEffects":true,"showParticleSystems":true,"showVisualEffectGraphs":true,"m_FxEnabled":true},"in2DMode":false,"pivot":{"x":-0.10581657290458679,"y":0.48108986020088198,"z":0.024538636207580568},"rotation":{"x":-0.024934185668826104,"y":-0.9750573635101318,"z":0.15066507458686829,"w":-0.16124233603477479},"size":0.7579830884933472,"orthographic":false}