{"cameraMode":{"drawMode":0,"name":"Shaded","section":"Shading Mode"},"sceneLighting":false,"audioPlay":false,"sceneViewState":{"m_AlwaysRefresh":false,"showFog":true,"showSkybox":false,"showFlares":true,"showImageEffects":true,"showParticleSystems":true,"showVisualEffectGraphs":true,"m_FxEnabled":true},"in2DMode":false,"pivot":{"x":5.972914695739746,"y":3.2233963012695314,"z":17.994577407836915},"rotation":{"x":0.10186553746461868,"y":0.016975633800029756,"z":-0.0012759009841829539,"w":0.9950159192085266},"size":4.214580535888672,"orthographic":false}