{"cameraMode":{"drawMode":0,"name":"Shaded","section":"Shading Mode"},"sceneLighting":false,"audioPlay":false,"sceneViewState":{"m_AlwaysRefresh":false,"showFog":true,"showSkybox":false,"showFlares":true,"showImageEffects":true,"showParticleSystems":true,"showVisualEffectGraphs":true,"m_FxEnabled":true},"in2DMode":false,"pivot":{"x":0.25668996572494509,"y":-1.1261138916015626,"z":-2.9802322387695315e-8},"rotation":{"x":-0.008143704384565354,"y":0.7209992408752441,"z":0.008383553475141526,"w":0.6930581331253052},"size":1.1189645528793336,"orthographic":false}