{"cameraMode":{"drawMode":0,"name":"Shaded","section":"Shading Mode"},"sceneLighting":false,"audioPlay":false,"sceneViewState":{"m_AlwaysRefresh":false,"showFog":true,"showSkybox":false,"showFlares":true,"showImageEffects":true,"showParticleSystems":true,"showVisualEffectGraphs":true,"m_FxEnabled":true},"in2DMode":false,"pivot":{"x":-3.0635571479797365,"y":1.014805793762207,"z":-0.4365530014038086},"rotation":{"x":0.19235648214817048,"y":0.016788527369499208,"z":-0.0028194335754960777,"w":0.9815459847450256},"size":4.106788158416748,"orthographic":false}