{"cameraMode":{"drawMode":0,"name":"Shaded","section":"Shading Mode"},"sceneLighting":false,"audioPlay":false,"sceneViewState":{"m_AlwaysRefresh":false,"showFog":true,"showSkybox":false,"showFlares":true,"showImageEffects":true,"showParticleSystems":true,"showVisualEffectGraphs":true,"m_FxEnabled":true},"in2DMode":false,"pivot":{"x":48.90780258178711,"y":9.777555465698243,"z":-54.18396759033203},"rotation":{"x":0.0014525569276884199,"y":-0.9971261620521545,"z":0.07552732527256012,"w":0.019209668040275575},"size":5.3793439865112309,"orthographic":false}