{"cameraMode":{"drawMode":0,"name":"Shaded","section":"Shading Mode"},"sceneLighting":false,"audioPlay":false,"sceneViewState":{"m_AlwaysRefresh":false,"showFog":true,"showSkybox":false,"showFlares":true,"showImageEffects":true,"showParticleSystems":true,"showVisualEffectGraphs":true,"m_FxEnabled":true},"in2DMode":false,"pivot":{"x":16.549991607666017,"y":3.493070125579834,"z":24.001689910888673},"rotation":{"x":0.10186553746461868,"y":0.016975633800029756,"z":-0.0012759009841829539,"w":0.9950159192085266},"size":4.131927013397217,"orthographic":false}